[
    {
        "pk": 1,
        "model": "writer.writer",
        "fields": {
            "status": "status1",
            "picture": "user_pictures/default.jpg",
            "date_add": "2014-01-31T10:04:05.742Z",
            "user": 1,
            "biography": "biography1"
        }
    },
    {
        "pk": 1,
        "model": "writer.writervote",
        "fields": {
            "count": 3,
            "story": 1,
            "user": 1
        }
    },
    {
        "pk": 1,
        "model": "writer.writerread",
        "fields": {
            "story": 1,
            "user": 1
        }
    }
]